{
  "lpa": {
    "style_consistency": 0.24670083820819855,
    "clip_score": 0.3531908392906189
  },
  "baselines": {
    "vanilla_sdxl": {
      "clip_score": 0.3531908392906189
    },
    "high_cfg_sdxl": {
      "clip_score": 0.32553237676620483
    }
  }
}