{
  "lpa": {
    "style_consistency": 0.22273274511098862,
    "clip_score": 0.34001561999320984
  },
  "baselines": {
    "vanilla_sdxl": {
      "clip_score": 0.34001561999320984
    },
    "high_cfg_sdxl": {
      "clip_score": 0.3557712435722351
    }
  }
}