{
  "lpa": {
    "style_consistency": 0.20536398142576218,
    "clip_score": 0.3068612813949585
  },
  "baselines": {
    "vanilla_sdxl": {
      "clip_score": 0.3068612813949585
    },
    "high_cfg_sdxl": {
      "clip_score": 0.31121504306793213
    }
  }
}