{
  "lpa": {
    "style_consistency": 0.2045879364013672,
    "clip_score": 0.33337971568107605
  },
  "baselines": {
    "vanilla_sdxl": {
      "clip_score": 0.33337971568107605
    },
    "high_cfg_sdxl": {
      "clip_score": 0.35237613320350647
    }
  }
}