{
  "lpa": {
    "style_consistency": 0.21363880733648935,
    "clip_score": 0.3795176148414612
  },
  "baselines": {
    "vanilla_sdxl": {
      "clip_score": 0.3795176148414612
    },
    "high_cfg_sdxl": {
      "clip_score": 0.3756348788738251
    }
  }
}