{
  "lpa": {
    "style_consistency": 0.2167318214972814,
    "clip_score": 0.3275073170661926
  },
  "baselines": {
    "vanilla_sdxl": {
      "clip_score": 0.3275073170661926
    },
    "high_cfg_sdxl": {
      "clip_score": 0.2998098134994507
    }
  }
}