{
  "lpa": {
    "style_consistency": 0.21373668313026428,
    "clip_score": 0.2747918963432312
  },
  "baselines": {
    "vanilla_sdxl": {
      "clip_score": 0.2747918963432312
    },
    "high_cfg_sdxl": {
      "clip_score": 0.2684394121170044
    }
  }
}