{
  "lpa": {
    "style_consistency": 0.21114687621593475,
    "clip_score": 0.20183950662612915
  },
  "baselines": {
    "vanilla_sdxl": {
      "clip_score": 0.20183950662612915
    },
    "high_cfg_sdxl": {
      "clip_score": 0.20183950662612915
    }
  }
}