{
  "lpa": {
    "style_consistency": 0.21089965850114822,
    "clip_score": 0.2697814404964447
  },
  "baselines": {
    "vanilla_sdxl": {
      "clip_score": 0.2697814404964447
    },
    "high_cfg_sdxl": {
      "clip_score": 0.28892526030540466
    }
  }
}