{
  "lpa": {
    "style_consistency": 0.21004118025302887,
    "clip_score": 0.28540492057800293
  },
  "baselines": {
    "vanilla_sdxl": {
      "clip_score": 0.28540492057800293
    },
    "high_cfg_sdxl": {
      "clip_score": 0.2855658531188965
    }
  }
}