{
  "lpa": {
    "style_consistency": 0.1888594925403595,
    "clip_score": 0.29131001234054565
  },
  "baselines": {
    "vanilla_sdxl": {
      "clip_score": 0.29131001234054565
    },
    "high_cfg_sdxl": {
      "clip_score": 0.3133363425731659
    }
  }
}