{
  "lpa": {
    "style_consistency": 0.20214912295341492,
    "clip_score": 0.26028183102607727
  },
  "baselines": {
    "vanilla_sdxl": {
      "clip_score": 0.26028183102607727
    },
    "high_cfg_sdxl": {
      "clip_score": 0.24017217755317688
    }
  }
}