{
  "lpa": {
    "style_consistency": 0.23327413201332092,
    "clip_score": 0.32759368419647217
  },
  "baselines": {
    "vanilla_sdxl": {
      "clip_score": 0.32759368419647217
    },
    "high_cfg_sdxl": {
      "clip_score": 0.3210983872413635
    }
  }
}