{
  "lpa": {
    "style_consistency": 0.20600496232509613,
    "clip_score": 0.2865791916847229
  },
  "baselines": {
    "vanilla_sdxl": {
      "clip_score": 0.2865791916847229
    },
    "high_cfg_sdxl": {
      "clip_score": 0.27830344438552856
    }
  }
}