{
  "lpa": {
    "style_consistency": 0.21524707227945328,
    "clip_score": 0.3132091462612152
  },
  "baselines": {
    "vanilla_sdxl": {
      "clip_score": 0.3132091462612152
    },
    "high_cfg_sdxl": {
      "clip_score": 0.30624693632125854
    }
  }
}