{
  "lpa": {
    "style_consistency": 0.2110251560807228,
    "clip_score": 0.3281310200691223
  },
  "baselines": {
    "vanilla_sdxl": {
      "clip_score": 0.3281310200691223
    },
    "high_cfg_sdxl": {
      "clip_score": 0.3199591338634491
    }
  }
}