{
  "lpa": {
    "style_consistency": 0.22836721688508987,
    "clip_score": 0.31822067499160767
  },
  "baselines": {
    "vanilla_sdxl": {
      "clip_score": 0.31822067499160767
    },
    "high_cfg_sdxl": {
      "clip_score": 0.3013255000114441
    }
  }
}