{
  "lpa": {
    "style_consistency": 0.218568317592144,
    "clip_score": 0.2958618998527527
  },
  "baselines": {
    "vanilla_sdxl": {
      "clip_score": 0.2958618998527527
    },
    "high_cfg_sdxl": {
      "clip_score": 0.29297173023223877
    }
  }
}