{
  "lpa": {
    "style_consistency": 0.24973471462726593,
    "clip_score": 0.3485039472579956
  },
  "baselines": {
    "vanilla_sdxl": {
      "clip_score": 0.3485039472579956
    },
    "high_cfg_sdxl": {
      "clip_score": 0.3262116312980652
    }
  }
}