{
  "lpa": {
    "style_consistency": 0.21428392082452774,
    "clip_score": 0.3138936161994934
  },
  "baselines": {
    "vanilla_sdxl": {
      "clip_score": 0.3138936161994934
    },
    "high_cfg_sdxl": {
      "clip_score": 0.3177371323108673
    }
  }
}