{
  "lpa": {
    "style_consistency": 0.1995535890261332,
    "clip_score": 0.2982074022293091
  },
  "baselines": {
    "vanilla_sdxl": {
      "clip_score": 0.2982074022293091
    },
    "high_cfg_sdxl": {
      "clip_score": 0.2973827123641968
    }
  }
}