{
  "lpa": {
    "style_consistency": 0.21422891318798065,
    "clip_score": 0.362634539604187
  },
  "baselines": {
    "vanilla_sdxl": {
      "clip_score": 0.362634539604187
    },
    "high_cfg_sdxl": {
      "clip_score": 0.34483620524406433
    }
  }
}