{
  "lpa": {
    "style_consistency": 0.21859447161356607,
    "clip_score": 0.3453666567802429
  },
  "baselines": {
    "vanilla_sdxl": {
      "clip_score": 0.3453666567802429
    },
    "high_cfg_sdxl": {
      "clip_score": 0.23037371039390564
    }
  }
}