{
  "lpa": {
    "style_consistency": 0.20274175703525543,
    "clip_score": 0.36550575494766235
  },
  "baselines": {
    "vanilla_sdxl": {
      "clip_score": 0.36550575494766235
    },
    "high_cfg_sdxl": {
      "clip_score": 0.3573639392852783
    }
  }
}