{
  "lpa": {
    "style_consistency": 0.2199026644229889,
    "clip_score": 0.26759272813796997
  },
  "baselines": {
    "vanilla_sdxl": {
      "clip_score": 0.26759272813796997
    },
    "high_cfg_sdxl": {
      "clip_score": 0.27273955941200256
    }
  }
}