{
  "lpa": {
    "style_consistency": 0.2421901747584343,
    "clip_score": 0.3463188111782074
  },
  "baselines": {
    "vanilla_sdxl": {
      "clip_score": 0.3463188111782074
    },
    "high_cfg_sdxl": {
      "clip_score": 0.3380194902420044
    }
  }
}