{
  "lpa": {
    "style_consistency": 0.22262435654799143,
    "clip_score": 0.3309384882450104
  },
  "baselines": {
    "vanilla_sdxl": {
      "clip_score": 0.3309384882450104
    },
    "high_cfg_sdxl": {
      "clip_score": 0.30356743931770325
    }
  }
}