{
  "lpa_data": {
    "clip_scores": [
      0.32759368419647217,
      0.3463188111782074,
      0.3531908392906189,
      0.3309384882450104,
      0.2865791916847229,
      0.3218132257461548,
      0.28148260712623596,
      0.29535531997680664,
      0.3132091462612152,
      0.28926169872283936,
      0.34001561999320984,
      0.32618582248687744,
      0.3603232502937317,
      0.34242478013038635,
      0.30332085490226746,
      0.3281310200691223,
      0.31358271837234497,
      0.31822067499160767,
      0.2958618998527527,
      0.2829711139202118,
      0.3082501292228699,
      0.3485039472579956,
      0.3138936161994934,
      0.3168960511684418,
      0.2982074022293091,
      0.2869582176208496,
      0.2980610728263855,
      0.3068612813949585,
      0.33337971568107605,
      0.3090830147266388,
      0.2805565297603607,
      0.3795176148414612,
      0.362634539604187,
      0.3453666567802429,
      0.2682047486305237,
      0.3275073170661926,
      0.2747918963432312,
      0.36550575494766235,
      0.3176325559616089,
      0.3302508592605591,
      0.20183950662612915,
      0.2697814404964447,
      0.28540492057800293,
      0.2861531972885132,
      0.29131001234054565,
      0.288377046585083,
      0.2776467204093933,
      0.26028183102607727,
      0.26759272813796997,
      0.3061846196651459
    ],
    "clip_mean": 0.30926831424236295,
    "clip_std": 0.03234569756688578,
    "style_scores": [
      0.23327413201332092,
      0.2421901747584343,
      0.24670083820819855,
      0.22262435654799143,
      0.20600496232509613,
      0.2367547502120336,
      0.23529442151387533,
      0.22229188680648804,
      0.21524707227945328,
      0.21874741464853287,
      0.22273274511098862,
      0.22807828709483147,
      0.21554376184940338,
      0.22369855145613352,
      0.20913611352443695,
      0.2110251560807228,
      0.22495341300964355,
      0.22836721688508987,
      0.218568317592144,
      0.22828751802444458,
      0.20896834880113602,
      0.24973471462726593,
      0.21428392082452774,
      0.19440662115812302,
      0.1995535890261332,
      0.21807287136713663,
      0.21895263344049454,
      0.20536398142576218,
      0.2045879364013672,
      0.20304793119430542,
      0.2194829285144806,
      0.21363880733648935,
      0.21422891318798065,
      0.21859447161356607,
      0.2102942317724228,
      0.2167318214972814,
      0.21373668313026428,
      0.20274175703525543,
      0.21372374147176743,
      0.214653380215168,
      0.21114687621593475,
      0.21089965850114822,
      0.21004118025302887,
      0.2079874724149704,
      0.1888594925403595,
      0.24035518864790598,
      0.2074166163802147,
      0.20214912295341492,
      0.2199026644229889,
      0.20861481875181198
    ],
    "style_mean": 0.2170338693012794,
    "style_std": 0.012645477494258732,
    "prompts": [
      "A tiger and a spaceship in cyberpunk style",
      "A dog on a hoverboard in synthwave style",
      "A cat and a robot in steampunk style",
      "A bird and a car in art deco style",
      "A fish and a submarine in underwater style",
      "A butterfly and a flower in watercolor style",
      "A dragon and a castle in fantasy style",
      "A penguin and an iceberg in polar style",
      "A bee and a hive in honeycomb style",
      "A shark and a shipwreck in oceanic style",
      "A waterfall in the background and a temple in ukiyo-e style",
      "A city skyline and a flying dragon in fantasy art style",
      "A mountain range and a hot air balloon in impressionist style",
      "A forest and a unicorn in magical realism style",
      "A desert and a pyramid in ancient Egyptian style",
      "A beach and a mermaid in tropical style",
      "A volcano and a phoenix in fire style",
      "A glacier and a polar bear in arctic style",
      "A canyon and a eagle in southwestern style",
      "A coral reef and a sea turtle in marine style",
      "A samurai and a monk meditating in cel-shaded style",
      "A ballerina and a robot dancing in Pixar style",
      "A knight and a wizard casting spells in medieval style",
      "A chef and a waiter serving food in culinary style",
      "A painter and a sculptor creating art in renaissance style",
      "A astronaut and a alien communicating in sci-fi style",
      "A ninja and a spy sneaking in noir style",
      "A cowboy and a sheriff in western style",
      "A pirate and a mermaid in nautical style",
      "A superhero and a villain fighting in comic book style",
      "A lion walking next to a bus stop in neo-noir style",
      "A frog on a skyscraper in graffiti street art style",
      "A elephant in a subway station in urban style",
      "A giraffe looking through a window in modern style",
      "A penguin in a coffee shop in hipster style",
      "A bear in a library in vintage style",
      "A wolf in a train station in industrial style",
      "A deer in a shopping mall in consumerist style",
      "A fox in a park in naturalist style",
      "A rabbit in a garden in cottage style",
      "Time and memory portrayed in cubist art",
      "A quantum computer and a butterfly in 90s anime style",
      "Dreams and reality merging in surrealist style",
      "Love and hate represented in expressionist style",
      "A black hole and a star in cosmic style",
      "Chaos and order in abstract style",
      "A virus and a cell in microscopic style",
      "Light and shadow in chiaroscuro style",
      "A brain and a computer in neural style",
      "Fire and ice in elemental style"
    ]
  },
  "sota_results": [
    {
      "method": "LoRA",
      "clip_scores": [
        0.0,
        0.0,
        0.0,
        0.0,
        0.0,
        0.0,
        0.0,
        0.0,
        0.0,
        0.0,
        0.0,
        0.0,
        0.0,
        0.0,
        0.0,
        0.0,
        0.0,
        0.0,
        0.0,
        0.0,
        0.0,
        0.0,
        0.0,
        0.0,
        0.0,
        0.0,
        0.0,
        0.0,
        0.0,
        0.0,
        0.0,
        0.0,
        0.0,
        0.0,
        0.0,
        0.0,
        0.0,
        0.0,
        0.0,
        0.0,
        0.0,
        0.0,
        0.0,
        0.0,
        0.0,
        0.0,
        0.0,
        0.0,
        0.0,
        0.0
      ],
      "clip_mean": 0.0,
      "clip_std": 0.0,
      "style_consistency": null,
      "notes": "Base SDXL model (LoRA would require fine-tuning)",
      "implementation_status": "real",
      "generated_images": []
    },
    {
      "method": "ControlNet",