{
  "statistics": {
    "lpa": {
      "style_consistency": {
        "mean": 0.21703386930127938,
        "std": 0.012645477494258733,
        "median": 0.21495022624731064,
        "min": 0.1888594925403595,
        "max": 0.24973471462726593,
        "count": 50
      },
      "clip_score": {
        "mean": 0.30926831424236295,
        "std": 0.03234569756688578,
        "median": 0.30866657197475433,
        "min": 0.20183950662612915,
        "max": 0.3795176148414612,
        "count": 50
      }
    },
    "vanilla_sdxl": {
      "clip_score": {
        "mean": 0.30926831424236295,
        "std": 0.03234569756688578,
        "median": 0.30866657197475433,
        "min": 0.20183950662612915,
        "max": 0.3795176148414612,
        "count": 50
      }
    },
    "high_cfg_sdxl": {
      "clip_score": {
        "mean": 0.3033909386396408,
        "std": 0.033733971624486915,
        "median": 0.3025682419538498,
        "min": 0.20183950662612915,
        "max": 0.3756348788738251,
        "count": 50
      }
    }
  },
  "improvements": {
    "lpa": {
      "style_consistency": {
        "relative": 0.0,
        "absolute": 0.0,
        "lpa_mean": 0.21703386930127938,
        "baseline_mean": 0.21703386930127938
      },
      "clip_score": {
        "relative": 0.0,
        "absolute": 0.0,
        "lpa_mean": 0.30926831424236295,
        "baseline_mean": 0.30926831424236295
      }
    },
    "vanilla_sdxl": {
      "clip_score": {
        "relative": 0.0,
        "absolute": 0.0,
        "lpa_mean": 0.30926831424236295,
        "baseline_mean": 0.30926831424236295
      }
    },
    "high_cfg_sdxl": {
      "clip_score": {
        "relative": 0.019372284581324128,
        "absolute": 0.005877375602722168,
        "lpa_mean": 0.30926831424236295,
        "baseline_mean": 0.3033909386396408
      }
    }
  },
  "raw_metrics": {
    "lpa": {
      "style_consistency": [
        0.22836721688508987,
        0.21422891318798065,
        0.21859447161356607,
        0.20304793119430542,
        0.2199026644229889,
        0.23327413201332092,
        0.2367547502120336,
        0.24973471462726593,
        0.1995535890261332,
        0.2102942317724228,
        0.21363880733648935,
        0.218568317592144,
        0.214653380215168,
        0.23529442151387533,
        0.19440662115812302,
        0.21428392082452774,
        0.20214912295341492,
        0.1888594925403595,
        0.21089965850114822,
        0.2045879364013672,
        0.20861481875181198,
        0.22369855145613352,
        0.21554376184940338,
        0.20274175703525543,
        0.20536398142576218,
        0.21004118025302887,
        0.2079874724149704,
        0.22828751802444458,
        0.21372374147176743,
        0.22807828709483147,
        0.20913611352443695,
        0.21524707227945328,
        0.24035518864790598,
        0.21114687621593475,
        0.22495341300964355,
        0.2074166163802147,
        0.22229188680648804,
        0.22273274511098862,
        0.2110251560807228,
        0.21373668313026428,
        0.20896834880113602,
        0.21807287136713663,
        0.2421901747584343,
        0.20600496232509613,
        0.21874741464853287,
        0.2167318214972814,
        0.2194829285144806,
        0.21895263344049454,
        0.22262435654799143,
        0.24670083820819855
      ],
      "clip_score": [
        0.31822067499160767,
        0.362634539604187,
        0.3453666567802429,
        0.3090830147266388,
        0.26759272813796997,
        0.32759368419647217,
        0.3218132257461548,
        0.3485039472579956,
        0.2982074022293091,
        0.2682047486305237,
        0.3795176148414612,
        0.2958618998527527,
        0.3302508592605591,
        0.28148260712623596,
        0.3168960511684418,
        0.3138936161994934,
        0.26028183102607727,
        0.29131001234054565,
        0.2697814404964447,
        0.33337971568107605,
        0.3061846196651459,
        0.34242478013038635,
        0.3603232502937317,
        0.36550575494766235,
        0.3068612813949585,
        0.28540492057800293,
        0.2861531972885132,
        0.2829711139202118,
        0.3176325559616089,
        0.32618582248687744,
        0.30332085490226746,
        0.3132091462612152,
        0.288377046585083,
        0.20183950662612915,
        0.31358271837234497,
        0.2776467204093933,
        0.29535531997680664,
        0.34001561999320984,
        0.3281310200691223,
        0.2747918963432312,
        0.3082501292228699,
        0.2869582176208496,
        0.3463188111782074,
        0.2865791916847229,
        0.28926169872283936,
        0.3275073170661926,
        0.2805565297603607,
        0.2980610728263855,
        0.3309384882450104,
        0.3531908392906189
      ]
    },
    "vanilla_sdxl": {
      "clip_score": [
        0.31822067499160767,
        0.362634539604187,
        0.3453666567802429,
        0.3090830147266388,
        0.26759272813796997,
        0.32759368419647217,
        0.3218132257461548,
        0.3485039472579956,
        0.2982074022293091,
        0.2682047486305237,
        0.3795176148414612,
        0.2958618998527527,
        0.3302508592605591,
        0.28148260712623596,
        0.3168960511684418,
        0.3138936161994934,
        0.26028183102607727,
        0.29131001234054565,
        0.2697814404964447,
        0.33337971568107605,
        0.3061846196651459,
        0.34242478013038635,
        0.3603232502937317,
        0.36550575494766235,
        0.3068612813949585,
        0.28540492057800293,
        0.2861531972885132,
        0.2829711139202118,
        0.3176325559616089,
        0.32618582248687744,
        0.30332085490226746,
        0.3132091462612152,
        0.288377046585083,
        0.20183950662612915,
        0.31358271837234497,
        0.2776467204093933,
        0.29535531997680664,
        0.34001561999320984,
        0.3281310200691223,
        0.2747918963432312,
        0.3082501292228699,
        0.2869582176208496,
        0.3463188111782074,
        0.2865791916847229,
        0.28926169872283936,
        0.3275073170661926,
        0.2805565297603607,
        0.2980610728263855,
        0.3309384882450104,
        0.3531908392906189
      ]
    },
    "high_cfg_sdxl": {
      "clip_score": [
        0.3013255000114441,
        0.34483620524406433,
        0.23037371039390564,
        0.2968107759952545,
        0.27273955941200256,
        0.3210983872413635,
        0.3224449157714844,
        0.3262116312980652,
        0.2973827123641968,
        0.2893065810203552,
        0.3756348788738251,
        0.29297173023223877,
        0.30100899934768677,
        0.2953455448150635,
        0.3218355178833008,
        0.3177371323108673,
        0.24017217755317688,
        0.3133363425731659,
        0.28892526030540466,
        0.35237613320350647,
        0.3077014088630676,
        0.34461402893066406,
        0.3510795831680298,
        0.3573639392852783,
        0.31121504306793213,
        0.2855658531188965,
        0.2997749447822571,
        0.3027634620666504,
        0.30878594517707825,
        0.3338455557823181,
        0.28986990451812744,
        0.30624693632125854,
        0.22281277179718018,
        0.20183950662612915,
        0.31366199254989624,
        0.285388708114624,
        0.287396639585495,
        0.3557712435722351,
        0.3199591338634491,
        0.2684394121170044,
        0.3023730218410492,
        0.2887847423553467,
        0.3380194902420044,
        0.27830344438552856,
        0.28613290190696716,
        0.2998098134994507,
        0.3241533637046814,
        0.2669006288051605,
        0.30356743931770325,
        0.32553237676620483
      ]
    }
  }
}