{
  "lpa": {
    "error": "'ParsedPrompt' object has no attribute 'get'"
  },
  "baselines": {
    "vanilla_sdxl": {
      "clip_score": 0.33787012100219727,
      "lpips_diversity": 0.6410998702049255
    },
    "high_cfg_sdxl": {
      "clip_score": 0.29413533210754395,
      "lpips_diversity": 0.7334078550338745
    }
  }
}